n,k,q,eta_1,eta_2,du,dv,DFR,CS,QS,Pk,CT
256,3,3329,2,2,10,10,-206.79812806665367,181,164,1184.0,1280.0
256,3,3329,2,2,10,11,-206.84102530138537,181,164,1184.0,1312.0
256,3,3329,2,2,10,12,-206.8719403784475,181,164,1184.0,1344.0
